sequence_id,sequence,CPM,round
Nb-01,QVQLVESGGGLVQAGGSWRLSCAASGFTFSSYAMGWFRQAPGKEREFVAAISWSGGSTYYADSVKGRFTISRDNAKNTVYLQMNSLKPEDTAVYYCAAGLPYDYWGQGTQVTVSS,2167,2
Nb-02,QVQLVESGGGLDQAGGSLRLSCAASGFTFSSYAMGWFRQAPGKEREFVAAISWSGGSTYYADSVKGRFTISRDNAKNTVYLQMNSLKPEDTAVYYCAAGLPYDYWGQGTQCTVSS,11931,3
Nb-03,QVQLVESGGGLVQAGGSLRLSCAASGFTFSWYAMGWFRQAPGKEREFYAAISWSGGSTYYADSVKGRFTFSRDNAKNTVYLQMNSLKPEDTAVYYCAAGLPYDYWGQGTQVTVSS,15633,1
Nb-04,QVQLVESGGGLVQAGGSLRLSCAASGFTFSSYAMGWFRQAPGKEREFVAAISWSGGSTYYADSVKGRFTISRDNAKNTVYLQMNSLKPEDTAVYYCAAGLPYDYWGQGTQVTVSS,7834,2
Nb-05,QVQLVESGGGLVQAGGSLRLSCAASGFTFSSYAMGWFRQAPGKEREFVAAISWSGGSTYYADSVKGRFTISRDNAKNTVKLQMNSLKPEDTAVYYCAAGLPYDYWGQGTQVTVSS,11848,3
Nb-06,QVQLVESGGGLVQAGGSLRLSCAASGFTFSSYAMGWFRQAPGKEREFVAAISWSGGSTYYADSVKGRFTISRDNAKNTVYLQMNSLKPEDTAVYYCAAGLPWDYWDQGTQVTVSS,15993,1
Nb-07,QVQLVESGGVLVQAGGSLRLSCAASGFTFSSYAMGWFRQAPFKEREFVAACSWSGGSTYYADSVKGRFTISRDNAKNTVYLQMNSLKPEDTAVYYCAAGLPYDYWGQGTQVTVSS,3184,2
Nb-08,QVQLVESGGGLVQAGGSLRLSCAASGFTFSSYAMGWFRQAPGKEREFVAAISWSGGSTYYADSVKGRFTISRDNAKNTVYLQMNSLKPEDTAVYYCAAGLPYDYWGQGTQVTVSS,7528,3
Nb-09,QVQLVESGGGLVQAGGSLRLSCAASGFTFSSYAMGWFRQAPGKEREFVAAISWSGGSTYYADSVKGRFTISRDNAKNTVYLQMNSLKPEDTAVYYCAAGLPYDYWGQGTQVTVSS,12332,1
Nb-10,QVQLVESGGGLVQAGGSLRLSCAASGFTFSSYAMGWFRQAPGKEREFVAAISWSSGSTYYADSVKGRFTISRDCAKNTVYLQMNSLKPEDTAVYYCAAGLPYDYWGQGTQVTVSS,19042,2
Nb-11,QVQLVESGGGLVQAGGSLRLSCAASGFTFSSYAMGWFRQAPGKEREFVAAISWSGGSTYYADSVKGRFTISRDNAKNTVYLQMNSLKPEDTAVYYCAAGLPYDYWGQGTRVTVSS,19347,3
Nb-12,QVQLVESGGGLVQAGGSLRLSCAASGFTFSSYAMGWFRQAPGKEREFVAAISWSGGSTYYADSVKGRFTISRDNAKNTVYLQMNSLKPEDTAVYYCAAGLPYDYWGQGTQVTVSS,15650,1
Nb-13,QVQLVESGGGLVQAGGSLRLSCAASGFTFSSYALGWFRQAPGKEREFVAAISWSGGSTYYADSVKGRFTISRDNAKNTVYLQMNSLKPEDTAVYYCAAGLPYDYWGQGTQVTVSS,6185,2
Nb-14,QVQLVESGGGLVQYGGSLRLSCAASGFTFSSYAMGWFRQAPGKEREFVAAISWSGGSTYYADSVKGRFTISRDNAKNTVYLQMNSLKPETTAVYYCAAGLPYDYWGQGTQVTVSS,8191,3
Nb-15,QVQLVESGGGLVQAGGSLRLICAASGATFSSYAMGWFRQAPGKEREFVAAISWSGGSTYYADSVKGCFTISRDNAKNTVYLQMNSLKPEDTAVYYCAAGLPYDYWGQGTQVTVSS,653,1
